{"acc": 0.7777260286652568, "loss": 0.17951366283019057, "_timestamp": 1712334447.565446, "_runtime": 0.792665958404541, "_step": 7, "_wandb": {"runtime": 0}}