{"train_loss": 2.3141678774610477, "train_accuracy": 0.6192230408573343, "valid_loss": 2.3118111935067684, "valid_accuracy": 0.5986666666666667, "epoch": 5, "_timestamp": 1712394627.2998166, "_runtime": 59398.94884753227, "_step": 4, "_wandb": {"runtime": 59398}}