{"acc": 0.8511778484930211, "loss": 0.20319867427086546, "_timestamp": 1712333055.1784048, "_runtime": 0.9181969165802002, "_step": 7, "_wandb": {"runtime": 0}}